{
  "models": [
    {
      "name": "MLP",
      "accuracy": 0.8940240303541316,
      "f1": 0.8952985890560733,
      "precision": 0.8846589155262887,
      "recall": 0.9061973018549747,
      "roc_auc": 0.9621258465028338,
      "confusion_matrix": [
        [
          8367,
          1121
        ],
        [
          890,
          8598
        ]
      ]
    },
    {
      "name": "Stacking",
      "accuracy": 0.8907567453625632,
      "f1": 0.8913351155842113,
      "precision": 0.8866409427468975,
      "recall": 0.896079258010118,
      "roc_auc": 0.9596392638682323,
      "confusion_matrix": [
        [
          8401,
          1087
        ],
        [
          986,
          8502
        ]
      ]
    }
  ]
}