{
  "models": [
    {
      "name": "Random Forest",
      "accuracy": 0.8861676805078021,
      "f1": 0.8862519160632168,
      "precision": 0.8855965774045318,
      "recall": 0.8869082253372124,
      "roc_auc": 0.9566730351320909,
      "confusion_matrix": [
        [
          16739,
          2166
        ],
        [
          2138,
          16767
        ]
      ],
      "classification_report": {
        "Good Posture": {
          "precision": 0.8867404778301637,
          "recall": 0.8854271356783919,
          "f1-score": 0.8860833200995183,
          "support": 18905.0
        },
        "Bad Posture": {
          "precision": 0.8855965774045318,
          "recall": 0.8869082253372124,
          "f1-score": 0.8862519160632168,
          "support": 18905.0
        },
        "accuracy": 0.8861676805078021,
        "macro avg": {
          "precision": 0.8861685276173478,
          "recall": 0.8861676805078021,
          "f1-score": 0.8861676180813676,
          "support": 37810.0
        },
        "weighted avg": {
          "precision": 0.8861685276173479,
          "recall": 0.8861676805078021,
          "f1-score": 0.8861676180813675,
          "support": 37810.0
        }
      },
      "cv_f1": [
        0.8868785441118291,
        0.8849454699094246,
        0.8855710838261422,
        0.8842975206611571,
        0.88406600660066
      ],
      "cv_accuracy": [
        0.8865644009521291,
        0.8847628871432728,
        0.8858737337670924,
        0.8837313867068687,
        0.8838636303525615
      ],
      "cv_auc": [
        0.9567918547063748,
        0.9559324732444546,
        0.9575187814028381,
        0.955807018588499,
        0.9555317598527864
      ],
      "cv_f1_mean": 0.8851517250218425,
      "cv_f1_std": 0.0010108171672061472,
      "feature_importance": {
        "neck_inclination": 0.12260994707249294,
        "torso_inclination": 0.03547762180309513,
        "neck_ratio": 0.09944025431218793,
        "ear_shoulder_y_diff": 0.22046660342422347,
        "torso_lean": 0.07212943385367633,
        "head_forward_angle": 0.08799139294888682,
        "shoulder_hip_angle": 0.034313405361081135,
        "neck_torso_ratio": 0.041807255762333496,
        "ear_hip_x_dist": 0.09148744676676443,
        "torso_height_ratio": 0.1942766386952584
      }
    },
    {
      "name": "MLP",
      "accuracy": 0.9072732081459931,
      "f1": 0.905889300477801,
      "precision": 0.9196141479099679,
      "recall": 0.8925681036762761,
      "roc_auc": 0.9706426955137887,
      "confusion_matrix": [
        [
          17430,
          1475
        ],
        [
          2031,
          16874
        ]
      ],
      "classification_report": {
        "Good Posture": {
          "precision": 0.895637428703561,
          "recall": 0.9219783126157102,
          "f1-score": 0.9086170046395246,
          "support": 18905.0
        },
        "Bad Posture": {
          "precision": 0.9196141479099679,
          "recall": 0.8925681036762761,
          "f1-score": 0.905889300477801,
          "support": 18905.0
        },
        "accuracy": 0.9072732081459931,
        "macro avg": {
          "precision": 0.9076257883067644,
          "recall": 0.9072732081459931,
          "f1-score": 0.9072531525586628,
          "support": 37810.0
        },
        "weighted avg": {
          "precision": 0.9076257883067644,
          "recall": 0.9072732081459931,
          "f1-score": 0.9072531525586629,
          "support": 37810.0
        }
      },
      "cv_f1": [
        0.9085981507067701,
        0.9046083317785655,
        0.9032605186699666,
        0.9078326350957204,
        0.9087055667337357
      ],
      "cv_accuracy": [
        0.9090187781010315,
        0.9053399984130762,
        0.9048903700177207,
        0.9080642175143484,
        0.9099949747414636
      ],
      "cv_auc": [
        0.9716103898156968,
        0.9693047195798132,
        0.9697529761868119,
        0.9708851824214508,
        0.9720352100167182
      ],
      "cv_f1_mean": 0.9066010405969516,
      "cv_f1_std": 0.0022389407870725695,
      "feature_importance": {
        "neck_inclination": 0.04412491336620017,
        "torso_inclination": 0.015439555574074868,
        "neck_ratio": 0.0001734812557461382,
        "ear_shoulder_y_diff": 0.00014139146813736268,
        "torso_lean": 0.0004475726183510722,
        "head_forward_angle": 0.030173145575447036,
        "shoulder_hip_angle": 0.01558121178635341,
        "neck_torso_ratio": 0.8933194917698515,
        "ear_hip_x_dist": 0.0003384883963517446,
        "torso_height_ratio": 0.0002607480247556942
      }
    },
    {
      "name": "Gradient Boosting",
      "accuracy": 0.8459402274530547,
      "f1": 0.8451333315608965,
      "precision": 0.8495830660679923,
      "recall": 0.8407299656175615,
      "roc_auc": 0.9302603427639458,
      "confusion_matrix": [
        [
          16091,
          2814
        ],
        [
          3011,
          15894
        ]
      ],
      "classification_report": {
        "Good Posture": {
          "precision": 0.8423725264370223,
          "recall": 0.851150489288548,
          "f1-score": 0.8467387586497224,
          "support": 18905.0
        },
        "Bad Posture": {
          "precision": 0.8495830660679923,
          "recall": 0.8407299656175615,
          "f1-score": 0.8451333315608965,
          "support": 18905.0
        },
        "accuracy": 0.8459402274530547,
        "macro avg": {
          "precision": 0.8459777962525072,
          "recall": 0.8459402274530547,
          "f1-score": 0.8459360451053095,
          "support": 37810.0
        },
        "weighted avg": {
          "precision": 0.8459777962525072,
          "recall": 0.8459402274530547,
          "f1-score": 0.8459360451053094,
          "support": 37810.0
        }
      },
      "cv_f1": [
        0.8491002365700008,
        0.8450928804911105,
        0.849310693564699,
        0.8491135220957925,
        0.846528108308213
      ],
      "cv_accuracy": [
        0.8498545358370801,
        0.8458303578513052,
        0.8502472956174456,
        0.849189346451903,
        0.8464915760797693
      ],
      "cv_auc": [
        0.9309111741421231,
        0.9298789535355241,
        0.93223982632274,
        0.9306295283016861,
        0.9293326612571511
      ],
      "cv_f1_mean": 0.8478290882059631,
      "cv_f1_std": 0.0017111472393070944,
      "feature_importance": {
        "neck_inclination": 0.13138028954654568,
        "torso_inclination": 0.01267277553715073,
        "neck_ratio": 0.11432394610931632,
        "ear_shoulder_y_diff": 0.30363438418149996,
        "torso_lean": 0.055578650835186365,
        "head_forward_angle": 0.09326975803779196,
        "shoulder_hip_angle": 0.01857865461768736,
        "neck_torso_ratio": 0.031050228460263753,
        "ear_hip_x_dist": 0.07684140348955729,
        "torso_height_ratio": 0.1626699091850006
      }
    },
    {
      "name": "RF + MLP",
      "accuracy": 0.9029357312880191,
      "f1": 0.9022532360304693,
      "precision": 0.908642240223164,
      "recall": 0.8959534514678656,
      "roc_auc": 0.9667953291142862,
      "confusion_matrix": [
        [
          17202,
          1703
        ],
        [
          1967,
          16938
        ]
      ],
      "classification_report": {
        "Good Posture": {
          "precision": 0.8973864051332882,
          "recall": 0.9099180111081724,
          "f1-score": 0.9036087618847507,
          "support": 18905.0
        },
        "Bad Posture": {
          "precision": 0.908642240223164,
          "recall": 0.8959534514678656,
          "f1-score": 0.9022532360304693,
          "support": 18905.0
        },
        "accuracy": 0.9029357312880191,
        "macro avg": {
          "precision": 0.9030143226782261,
          "recall": 0.9029357312880191,
          "f1-score": 0.90293099895761,
          "support": 37810.0
        },