{
  "models": [
    {
      "name": "Random Forest",
      "accuracy": 0.8774538273899407,
      "f1": 0.8780487804878049,
      "precision": 0.8737060041407867,
      "recall": 0.8824349442379182,
      "roc_auc": 0.9508120906355106,
      "confusion_matrix": [
        [
          3756,
          549
        ],
        [
          506,
          3798
        ]
      ],
      "classification_report": {
        "Good Posture": {
          "precision": 0.8812763960581886,
          "recall": 0.8724738675958188,
          "f1-score": 0.8768530407377145,
          "support": 4305.0
        },
        "Bad Posture": {
          "precision": 0.8737060041407867,
          "recall": 0.8824349442379182,
          "f1-score": 0.8780487804878049,
          "support": 4304.0
        },
        "accuracy": 0.8774538273899407,
        "macro avg": {
          "precision": 0.8774912000994877,
          "recall": 0.8774544059168685,
          "f1-score": 0.8774509106127597,
          "support": 8609.0
        },
        "weighted avg": {
          "precision": 0.8774916397784235,
          "recall": 0.8774538273899407,
          "f1-score": 0.877450841165684,
          "support": 8609.0
        }
      },
      "cv_f1": [
        0.8766392015782755,
        0.87512971290211,
        0.8772215123707747,
        0.8775981524249422,
        0.8796966563254051
      ],
      "cv_accuracy": [
        0.8765245673132768,
        0.8742014171216169,
        0.877207249070632,
        0.8768587360594795,
        0.8783689591078067
      ],
      "cv_auc": [
        0.9517819363668943,
        0.9502473457421775,
        0.9512701507027266,
        0.9526652284206962,
        0.9515982582122968
      ],
      "cv_f1_mean": 0.8772570471203014,
      "cv_f1_std": 0.001481660731111822,
      "feature_importance": {
        "neck_inclination": 0.11265705693541156,
        "torso_inclination": 0.11960368511839653,
        "neck_ratio": 0.06954890369376736,
        "ear_shoulder_y_diff": 0.12459924984524821,
        "torso_lean": 0.07064238356884346,
        "head_forward_angle": 0.11741006815776227,
        "shoulder_hip_angle": 0.11009086413729276,
        "neck_torso_ratio": 0.1469507823602631,
        "ear_hip_x_dist": 0.057160438254829714,
        "torso_height_ratio": 0.07133656792818494
      }
    },
    {
      "name": "MLP",
      "accuracy": 0.8775699848995238,
      "f1": 0.8774418604651163,
      "precision": 0.8782588454376163,
      "recall": 0.8766263940520446,
      "roc_auc": 0.9517867936910915,
      "confusion_matrix": [
        [
          3782,
          523
        ],
        [
          531,
          3773
        ]
      ],
      "classification_report": {
        "Good Posture": {
          "precision": 0.8768838395548342,
          "recall": 0.878513356562137,
          "f1-score": 0.8776978417266187,
          "support": 4305.0
        },
        "Bad Posture": {
          "precision": 0.8782588454376163,
          "recall": 0.8766263940520446,
          "f1-score": 0.8774418604651163,
          "support": 4304.0
        },
        "accuracy": 0.8775699848995238,
        "macro avg": {
          "precision": 0.8775713424962253,
          "recall": 0.8775698753070909,
          "f1-score": 0.8775698510958675,
          "support": 8609.0
        },
        "weighted avg": {
          "precision": 0.8775712626375957,
          "recall": 0.8775699848995238,
          "f1-score": 0.8775698659629404,
          "support": 8609.0
        }
      },
      "cv_f1": [
        0.8798781202390719,
        0.8764229550522239,
        0.8785805404151688,
        0.8815820266791481,
        0.8822783350628387
      ],
      "cv_accuracy": [
        0.8809385526774306,
        0.8776861424091067,
        0.8783689591078067,
        0.8824349442379182,
        0.881389405204461
      ],
      "cv_auc": [
        0.9545663165075623,
        0.9530755497411587,
        0.9541443033885657,
        0.9569883876501154,
        0.9542070853947568
      ],
      "cv_f1_mean": 0.8797483954896903,
      "cv_f1_std": 0.0021072287807240722,
      "feature_importance": {
        "neck_inclination": 0.007086970875610096,
        "torso_inclination": 0.0034763889856412474,
        "neck_ratio": 4.152634572431868e-05,
        "ear_shoulder_y_diff": 1.8832270855638288e-05,
        "torso_lean": 8.765747262764384e-05,
        "head_forward_angle": 0.005376045199607808,
        "shoulder_hip_angle": 0.0032197754853455565,
        "neck_torso_ratio": 0.9806108800651133,
        "ear_hip_x_dist": 4.306454498399726e-05,
        "torso_height_ratio": 3.885871783356359e-05
      }
    },
    {
      "name": "Gradient Boosting",
      "accuracy": 0.870484376814961,
      "f1": 0.8718243476261639,
      "precision": 0.8627986348122867,
      "recall": 0.8810408921933085,
      "roc_auc": 0.9451502046552596,
      "confusion_matrix": [
        [
          3702,
          603
        ],
        [
          512,
          3792
        ]
      ],
      "classification_report": {
        "Good Posture": {
          "precision": 0.878500237304224,
          "recall": 0.8599303135888502,
          "f1-score": 0.869116093438197,
          "support": 4305.0
        },
        "Bad Posture": {
          "precision": 0.8627986348122867,
          "recall": 0.8810408921933085,
          "f1-score": 0.8718243476261639,
          "support": 4304.0
        },
        "accuracy": 0.870484376814961,
        "macro avg": {
          "precision": 0.8706494360582553,
          "recall": 0.8704856028910793,
          "f1-score": 0.8704702205321804,
          "support": 8609.0
        },
        "weighted avg": {
          "precision": 0.8706503479877762,
          "recall": 0.870484376814961,
          "f1-score": 0.8704700632401495,
          "support": 8609.0
        }
      },
      "cv_f1": [
        0.868951146098634,
        0.8653380946895519,
        0.8673885202002561,
        0.8692440854010387,
        0.8678810237491353
      ],
      "cv_accuracy": [
        0.8685096991520502,
        0.8642118712974793,
        0.8676812267657993,
        0.8683782527881041,
        0.866868029739777
      ],
      "cv_auc": [
        0.9449443080795652,
        0.944055093929856,
        0.9444557388475836,
        0.946356338574992,
        0.9446978517433425
      ],
      "cv_f1_mean": 0.8677605740277233,
      "cv_f1_std": 0.0013884960338853831,
      "feature_importance": {
        "neck_inclination": 0.055264158706076594,
        "torso_inclination": 0.015745048502021,
        "neck_ratio": 0.06743476308613751,
        "ear_shoulder_y_diff": 0.12288532681461871,
        "torso_lean": 0.06538918051637324,
        "head_forward_angle": 0.2248921434960978,
        "shoulder_hip_angle": 0.014303680499695822,
        "neck_torso_ratio": 0.3436190268255068,
        "ear_hip_x_dist": 0.0380043454045819,
        "torso_height_ratio": 0.05246232614889076
      }
    },
    {
      "name": "RF + MLP",
      "accuracy": 0.8790800325241027,
      "f1": 0.879778265388613,
      "precision": 0.8746268656716418,
      "recall": 0.8849907063197026,
      "roc_auc": 0.9527474644767691,
      "confusion_matrix": [
        [
          3759,
          546
        ],
        [
          495,
          3809
        ]
      ],
      "classification_report": {
        "Good Posture": {
          "precision": 0.883638928067701,
          "recall": 0.8731707317073171,
          "f1-score": 0.8783736417805819,
          "support": 4305.0
        },
        "Bad Posture": {
          "precision": 0.8746268656716418,
          "recall": 0.8849907063197026,
          "f1-score": 0.879778265388613,
          "support": 4304.0
        },
        "accuracy": 0.8790800325241027,
        "macro avg": {
          "precision": 0.8791328968696714,
          "recall": 0.8790807190135098,
          "f1-score": 0.8790759535845974,
          "support": 8609.0
        },
        "weighted avg": {
          "precision": 0.8791334202790334,