{
  "models": [
    {
      "name": "Random Forest",
      "accuracy": 0.86664947124065,
      "f1": 0.8652593171748763,
      "precision": 0.8741442864665614,
      "recall": 0.8565531475748194,
      "roc_auc": 0.9413483805074376,
      "confusion_matrix": [
        [
          1700,
          239
        ],
        [
          278,
          1660
        ]
      ],
      "classification_report": {
        "Good Posture": {
          "precision": 0.8594539939332659,
          "recall": 0.8767405879319237,
          "f1-score": 0.8680112330865458,
          "support": 1939.0
        },
        "Bad Posture": {
          "precision": 0.8741442864665614,
          "recall": 0.8565531475748194,
          "f1-score": 0.8652593171748763,
          "support": 1938.0
        },
        "accuracy": 0.86664947124065,
        "macro avg": {
          "precision": 0.8667991401999137,
          "recall": 0.8666468677533715,
          "f1-score": 0.866635275130711,
          "support": 3877.0
        },
        "weighted avg": {
          "precision": 0.8667972456561256,
          "recall": 0.86664947124065,
          "f1-score": 0.8666356300334596,
          "support": 3877.0
        }
      },
      "cv_f1": [
        0.8516497791634191,
        0.8585987261146497,
        0.8618302999230967,
        0.8620424878423343,
        0.8485639686684073
      ],
      "cv_accuracy": [
        0.8527211761671395,
        0.8568480784111426,
        0.8609749806551458,
        0.8609749806551458,
        0.8503611971104231
      ],
      "cv_auc": [
        0.9342090626864463,
        0.9348094168315245,
        0.937640075980991,
        0.9354794929562172,
        0.9328395961067606
      ],
      "cv_f1_mean": 0.8565370523423814,
      "cv_f1_std": 0.005477851606901097,
      "feature_importance": {
        "neck_inclination": 0.15507661525508032,
        "torso_inclination": 0.09721008466124248,
        "neck_ratio": 0.0633542779044974,
        "ear_shoulder_y_diff": 0.10003588924058195,
        "torso_lean": 0.053687748710034566,
        "head_forward_angle": 0.11184294828732715,
        "shoulder_hip_angle": 0.09425848373194108,
        "neck_torso_ratio": 0.1629049836230124,
        "ear_hip_x_dist": 0.06648562001096231,
        "torso_height_ratio": 0.09514334857532045
      }
    },
    {
      "name": "MLP",
      "accuracy": 0.8617487748258963,
      "f1": 0.8550567874526771,
      "precision": 0.8982954545454546,
      "recall": 0.8157894736842105,
      "roc_auc": 0.9400327107852451,
      "confusion_matrix": [
        [
          1760,
          179
        ],
        [
          357,
          1581
        ]
      ],
      "classification_report": {
        "Good Posture": {
          "precision": 0.8313651393481342,
          "recall": 0.9076843733883445,
          "f1-score": 0.8678500986193294,
          "support": 1939.0
        },
        "Bad Posture": {
          "precision": 0.8982954545454546,
          "recall": 0.8157894736842105,
          "f1-score": 0.8550567874526771,
          "support": 1938.0
        },
        "accuracy": 0.8617487748258963,
        "macro avg": {
          "precision": 0.8648302969467944,
          "recall": 0.8617369235362775,
          "f1-score": 0.8614534430360032,
          "support": 3877.0
        },
        "weighted avg": {
          "precision": 0.8648216652321701,
          "recall": 0.8617487748258963,
          "f1-score": 0.8614550929342707,
          "support": 3877.0
        }
      },
      "cv_f1": [
        0.8558769872296065,
        0.8625954198473282,
        0.869745718733783,
        0.8553557466770915,
        0.8515583729529846
      ],
      "cv_accuracy": [
        0.857363941191643,
        0.8607170492648956,
        0.8705184420944029,
        0.8568480784111426,
        0.8550051599587203
      ],
      "cv_auc": [
        0.9367323596738715,
        0.9365466118045165,
        0.9421762624867542,
        0.9359688773856494,
        0.933809551195417
      ],
      "cv_f1_mean": 0.8590264490881587,
      "cv_f1_std": 0.006431261483803263,
      "feature_importance": {
        "neck_inclination": 0.046929321506406295,
        "torso_inclination": 0.02729988107662998,
        "neck_ratio": 0.0002815019075188079,
        "ear_shoulder_y_diff": 0.000139877644404662,
        "torso_lean": 0.000634637711213276,
        "head_forward_angle": 0.03654609112340733,
        "shoulder_hip_angle": 0.02635304556361452,
        "neck_torso_ratio": 0.8611816441844125,
        "ear_hip_x_dist": 0.0003160923438346996,
        "torso_height_ratio": 0.00031790663514502963
      }
    },
    {
      "name": "Gradient Boosting",
      "accuracy": 0.858653598142894,
      "f1": 0.8563941299790356,
      "precision": 0.8700745473908413,
      "recall": 0.8431372549019608,
      "roc_auc": 0.9378536328078637,
      "confusion_matrix": [
        [
          1695,
          244
        ],
        [
          304,
          1634
        ]
      ],
      "classification_report": {
        "Good Posture": {
          "precision": 0.8479239619809905,
          "recall": 0.8741619391438886,
          "f1-score": 0.8608430675469781,
          "support": 1939.0
        },
        "Bad Posture": {
          "precision": 0.8700745473908413,
          "recall": 0.8431372549019608,
          "f1-score": 0.8563941299790356,
          "support": 1938.0
        },
        "accuracy": 0.858653598142894,
        "macro avg": {
          "precision": 0.858999254685916,
          "recall": 0.8586495970229246,
          "f1-score": 0.8586185987630068,
          "support": 3877.0
        },
        "weighted avg": {
          "precision": 0.8589963980202712,
          "recall": 0.858653598142894,
          "f1-score": 0.858619172523333,
          "support": 3877.0
        }
      },
      "cv_f1": [
        0.8469973890339425,
        0.8556936342886128,
        0.8554496263849524,
        0.8584615384615385,
        0.8435124508519004
      ],
      "cv_accuracy": [
        0.8488522053133867,
        0.8532370389476399,
        0.8553004900696415,
        0.8576218725818933,
        0.8459752321981424
      ],
      "cv_auc": [
        0.929750448535865,
        0.9321130124099801,
        0.9329665744314064,
        0.9329621835433776,
        0.9300231852015153
      ],
      "cv_f1_mean": 0.8520229278041894,
      "cv_f1_std": 0.005733346567962152,
      "feature_importance": {
        "neck_inclination": 0.04914863625253271,
        "torso_inclination": 0.01921094243795171,
        "neck_ratio": 0.06026577827861574,
        "ear_shoulder_y_diff": 0.11076723328957643,
        "torso_lean": 0.03776355694410558,
        "head_forward_angle": 0.16212535245079565,
        "shoulder_hip_angle": 0.022645356128596302,
        "neck_torso_ratio": 0.4001015276964636,
        "ear_hip_x_dist": 0.0746422392789157,
        "torso_height_ratio": 0.0633293772424465
      }
    },
    {
      "name": "RF + MLP",
      "accuracy": 0.8658756770698994,
      "f1": 0.8625066102591221,
      "precision": 0.8844902386117137,
      "recall": 0.8415892672858617,
      "roc_auc": 0.9435251965121978,
      "confusion_matrix": [
        [
          1726,
          213
        ],
        [
          307,
          1631
        ]
      ],
      "classification_report": {
        "Good Posture": {
          "precision": 0.8489916379734382,
          "recall": 0.890149561629706,
          "f1-score": 0.8690835850956697,
          "support": 1939.0
        },
        "Bad Posture": {
          "precision": 0.8844902386117137,
          "recall": 0.8415892672858617,
          "f1-score": 0.8625066102591221,
          "support": 1938.0
        },
        "accuracy": 0.8658756770698994,
        "macro avg": {
          "precision": 0.8667409382925759,
          "recall": 0.8658694144577839,
          "f1-score": 0.8657950976773959,
          "support": 3877.0
        },
        "weighted avg": {
          "precision": 0.8667363601908687,